population,learner,combo,n_groups,auc_ipcw,brier_ipcw,auc_verified,auc_naive,oe_ratio,cal_slope,auc_ipcw_repeat_sd,train_auc,overfit_gap,auc_ipcw_lo,auc_ipcw_hi
grade4,gbm,clinical+timing,2,0.757890180724407,0.19600128912712117,0.757872442455243,0.7798744261409668,1.0186118408956355,0.7194522727210781,0.018063169124725983,0.9633668812559457,0.22031916801672058,0.6772776655748708,0.837517188859833
grade4,gbm,clinical+timing+radiomics,3,0.7398127208779253,0.20576267049321137,0.7398497442455243,0.7603969754253308,1.0456247039007875,0.6229392503616138,0.004015868520776931,0.9992044464243987,0.2844012994893007,0.668615830662047,0.8155927417921268
grade4,gbm,clinical+timing+volumes+delta+radiomics,5,0.7383841885671556,0.20466360931557573,0.7384910485933505,0.7622873345935728,1.0369105159577259,0.6297371268313792,0.00877767219257163,0.9999258418511247,0.2857975491050684,0.6616897991752929,0.8117182558528666
grade4,gbm,clinical+timing+delta+radiomics,4,0.7364886985304435,0.2058204325943391,0.7365728900255755,0.7591817445314609,1.0223209425377908,0.6196852786687338,0.004811904768720828,0.9997363372737799,0.2892299680153002,0.6615926313742961,0.8187543363076151
grade4,gbm,clinical+timing+volumes+radiomics,4,0.7361950919258322,0.20868265295665353,0.7362531969309463,0.757628949500405,1.0519698969406148,0.6044596227206687,0.015797699641734,0.9998042003111162,0.2881496405265348,0.6681652995772615,0.8070199748260942
grade4,gbm,clinical+timing+volumes,3,0.7333039727392817,0.20568929343687084,0.7333759590792839,0.7624898730758845,1.00910330285089,0.6734878758630706,0.015884351840366896,0.996636427068189,0.27834820492646184,0.6598352817753965,0.8053425729145898
grade4,gbm,clinical+timing+delta,3,0.7295821419763654,0.2094366340534502,0.7296994884910486,0.7584391034296516,1.0089238699498293,0.6122566587473534,0.022791361230713205,0.9802958575101439,0.2637329107025451,0.6464769390212465,0.8137122626536167
grade4,gbm,clinical+timing+morphology+delta+radiomics,5,0.7237864149438415,0.21068472754175002,0.7238650895140664,0.75,1.042067196155761,0.5728290951548036,0.008623754483398008,1.0,0.2986109650895983,0.6483727984572756,0.8069203079689675
grade4,gbm,clinical+timing+volumes+morphology+radiomics,5,0.7230476179679857,0.2135539178852561,0.7230658567774937,0.7460842560086417,1.0471764513568393,0.5628941802021853,0.019184658954663914,0.9999899829580196,0.2992069032524177,0.6480171345377651,0.7972155374874373
grade4,gbm,clinical+timing+volumes+delta,4,0.7225114871739762,0.21207991677688376,0.7226662404092072,0.7524979746151769,1.00001430430173,0.6141332927025256,0.012922248542286512,0.9977268331908457,0.29533636567949595,0.6431031309967149,0.7973288388581034
grade4,gbm,timing,1,0.7176367034198201,0.206005868590479,0.717511189258312,0.7506413718606535,1.0747143255723102,0.7158737045413699,0.008744671830072801,0.9220502656946052,0.21339883971565388,0.630101788977489,0.8000618917881621
grade4,gbm,clinical+timing+volumes+morphology+delta+radiomics,6,0.7173234677800719,0.21575842551664767,0.7173913043478259,0.7431812044288414,1.042904999700931,0.539215154976837,0.013759727257497772,1.0,0.3028789632919142,0.6427062864687915,0.7967993894833068
grade4,gbm,clinical+timing+morphology+radiomics,4,0.7147426762459165,0.21598410078095848,0.7147538363171354,0.7387253578179855,1.050697928373466,0.5444402675820579,0.01412976877376225,0.9999795893067449,0.3068180870651206,0.6373219110634244,0.7935853880206066
grade4,gbm,timing+radiomics,2,0.7147143427431997,0.2162568727978659,0.7146739130434783,0.7406832298136646,1.0524458705382476,0.5866566715994157,0.018686579044984594,0.9978338955886551,0.31304155084719143,0.6431598929698441,0.7880821801870533
grade4,ridge,clinical+timing+radiomics,3,0.7085145162229096,0.21210021462041243,0.7084398976982097,0.734809613826627,0.999745828526633,0.8189040065782828,0.010741187171182214,0.8189571694433162,0.11866820707731729,0.6311632234241009,0.782571719419801
grade4,gbm,timing+delta+radiomics,3,0.7084759247781746,0.2189787988787037,0.7085198209718669,0.7343370240345665,1.0292443208664068,0.5493411846018579,0.012478278476459841,0.9993049135579881,0.3207169880093129,0.6302068324220507,0.7862944066104288
grade4,ridge,clinical+timing+volumes+radiomics,4,0.7084195832555844,0.21288250076159695,0.7083599744245525,0.7348771266540643,1.0018695250242617,0.7804366368778444,0.01450774161017117,0.8294148014539495,0.1304768868739401,0.6323038373336538,0.7829302894837052
grade4,ridge,clinical+radiomics,2,0.7028793497260712,0.21343488221558746,0.7029251918158568,0.7024034566567647,0.9813028112098116,0.8633662082310495,0.013795710986638133,0.7995909146046277,0.10980360388212917,0.6312217950179397,0.7725271437667603
grade4,gbm,timing+volumes+radiomics,3,0.7011638546260041,0.22241326953409152,0.7011668797953964,0.727180664326222,1.0542451815186649,0.5401773551723779,0.022189300349575357,0.9997007827026035,0.3212099101995508,0.6237016539506325,0.7773854683513094
grade4,ridge,clinical+timing+delta+radiomics,4,0.7008305379683779,0.21622258180682882,0.70076726342711,0.7263705103969754,0.9946907539137797,0.776335468424681,0.009571738073066726,0.8295939094827108,0.14164088446617873,0.6278341140505301,0.7748116464323185
grade4,ridge,clinical+timing+morphology+radiomics,4,0.6998256029569514,0.2161132736438227,0.6997282608695652,0.7229948690251148,1.0018183175942827,0.7572655177130079,0.010623178096684768,0.8366019792864213,0.15067932946338336,0.6176334097662332,0.778072147284167
grade4,gbm,clinical+timing+volumes+morphology,4,0.6984146032534679,0.222095133083249,0.6984494884910486,0.7298811774237105,1.0123085276578843,0.5156286411275852,0.014996987284813858,0.9994915838836529,0.3154382881581117,0.6154988120173366,0.7730119632256842
grade4,ridge,clinical+timing+volumes+morphology+radiomics,5,0.6982958745736064,0.21607651790130603,0.6982097186700768,0.7210369970294356,0.998437070116251,0.7694161853712754,0.010376278334085318,0.8385109137018414,0.15256733047655346,0.6170148704300811,0.7748142009033508
grade4,ridge,clinical+volumes+radiomics,3,0.6965610142565628,0.21569844984955663,0.696611253196931,0.6961922765325411,0.979481659329317,0.7980178084138388,0.019449314318143705,0.8078004924590485,0.1228642690586309,0.6204824679389871,0.7675711882215654
grade4,gbm,timing+volumes+delta+radiomics,4,0.6964734850251035,0.22332308603649798,0.6965313299232736,0.7237375101269241,1.0428505727958197,0.5225819419788506,0.020244667731003453,0.9998993273689206,0.326063197151348,0.616838574205532,0.7768034072018944
grade4,ridge,clinical+timing+volumes+delta+radiomics,5,0.6953762610977212,0.21778390785137242,0.6953324808184144,0.721509586821496,0.9937199046571199,0.7340679322729504,0.012130780358716776,0.8373281050579412,0.15476025711111108,0.6179344620603412,0.7741324224421863
grade4,gbm,timing+volumes+morphology+radiomics,4,0.6940033544229504,0.2259720434243877,0.6939737851662404,0.718944099378882,1.0508695611527383,0.4940003523100475,0.022632599223403972,0.9999903030303031,0.3307111669051249,0.617421831141978,0.7692467861226264
grade4,ridge,clinical+timing+morphology+delta+radiomics,5,0.6934058487600525,0.21881107440704603,0.6933343989769821,0.7161760734539563,0.9936289621304976,0.7416559644067912,0.011164768998382053,0.8457792442998892,0.165670647449896,0.6151112147504488,0.7729648166811901
grade4,gbm,clinical+delta+radiomics,3,0.6928665043759314,0.2225856735026786,0.6930147058823529,0.6966648663246016,0.9868634848395634,0.5149713211176506,0.010221991343518025,0.9990748053507842,0.3289734999805839,0.6167786137054746,0.7715318168423269
grade4,ridge,timing+radiomics,2,0.6921883477233701,0.2175498729917208,0.6921355498721228,0.7202943559276263,1.003599976861441,0.7743200209409697,0.01245200725011247,0.7935300883951989,0.11270914155478251,0.6075196466782368,0.7708192407061636
grade4,gbm,clinical+timing+morphology,3,0.6911579686446903,0.22627789317888508,0.6911764705882353,0.7232649203348636,1.0200619919255403,0.479272573666993,0.014318898129470726,0.9987714043308251,0.3235344245837293,0.6109193526625046,0.7665930635786914
grade4,gbm,timing+morphology+delta+radiomics,4,0.6909977487911161,0.22557502829293893,0.6910166240409207,0.7190791250337563,1.0432462881576214,0.48683902578871613,0.012181682240992737,0.9999901144909303,0.3299761834931786,0.6138733766100691,0.7677301071543501
grade4,gbm,timing+morphology+radiomics,3,0.6905498827381724,0.2279448284178439,0.6904571611253196,0.7161760734539564,1.0474914876834192,0.47527049534511784,0.016558461547997186,0.9999763046131043,0.3364601907104152,0.6110483763114687,0.7697286565303676
grade4,ridge,clinical+timing+morphology,3,0.6899665452672963,0.2175285719936558,0.6898177749360614,0.7215770996489332,1.0071568154462605,0.8225464904648773,0.008770535523359154,0.8192936238438651,0.1400019849165589,0.6105541500837895,0.7646053945405236
grade4,ridge,timing+volumes+radiomics,3,0.6882590606420189,0.21867375216017312,0.6882193094629155,0.7179314069673237,1.0054258689486617,0.7299532095375453,0.017894060453730865,0.8021215536822269,0.1255820842326596,0.6020946311617698,0.7708523180373765
grade4,gbm,timing+volumes+morphology+delta+radiomics,5,0.68809271878253,0.2282422443709734,0.6881393861892583,0.7150283553875236,1.0406278997424112,0.47548063625818776,0.02261830389562113,1.0,0.33016356294487614,0.6095177093808354,0.763562992677189
grade4,gbm,clinical+timing+volumes+morphology+delta,5,0.6877926203338616,0.2271429352023433,0.6878996163682864,0.7212395355117472,0.9981603337748993,0.4590322491818557,0.012154707058385561,0.9997018264239941,0.3286987879877189,0.6020277976226085,0.7619933275377822
grade4,ridge,clinical+timing+volumes+morphology+delta+radiomics,6,0.6871584231454325,0.22037848924030415,0.6871003836317136,0.7108425600864163,0.9916157640801997,0.7015855730715235,0.011161893386042872,0.8503994542386657,0.17559193077558477,0.6102920823945928,0.7670960017152523
grade4,ridge,clinical+delta+radiomics,3,0.6858632832305306,0.2204265607809344,0.6859015345268542,0.6883607885498244,0.9754443919658378,0.7477918738379664,0.007067536099469535,0.8138753475050655,0.14138446719222386,0.6181084180468144,0.7571612949291465
grade4,ridge,timing+delta+radiomics,3,0.6833820552561765,0.22107621093606303,0.6833439897698209,0.7105725087766674,0.9999075300382169,0.7416821116887551,0.008766569307453474,0.8069827880168797,0.13658240525034127,0.60368180781996,0.7588503912018427
grade4,gbm,clinical+timing+morphology+delta,4,0.6833157168783588,0.22857610209904936,0.6834239130434783,0.7167836889008912,0.9981207786802831,0.4580404992801575,0.00947744135636096,0.9988642089867176,0.3339411780688678,0.5984439981184411,0.7592572349895701
grade4,gbm,clinical+volumes+delta+radiomics,4,0.6825675304502967,0.22867884026521695,0.6827046035805627,0.6885633270321362,0.9836080297450565,0.4738074149335504,0.01209792629094853,0.9997817075679868,0.3376783290030718,0.6025843235915834,0.7558368482018291
grade4,ridge,clinical+volumes+delta+radiomics,4,0.6820865742628467,0.2211998093063022,0.6821451406649617,0.6843100189035918,0.9746669086494147,0.7196250641844163,0.014499504344943884,0.8215150608292962,0.15180015167289806,0.6077007627953686,0.7582360915557106
grade4,ridge,clinical+timing+volumes,3,0.6812728492019575,0.2183718562743385,0.6811860613810742,0.7198217661355657,1.0065526180693058,0.8199059632026026,0.013460166986765356,0.7930983201693265,0.11973137425798175,0.6044066018196642,0.7676619914445516
grade4,gbm,timing+delta,2,0.6810568198430162,0.22257887390116943,0.6811860613810742,0.7171212530380772,1.0593953644843865,0.5501987507132693,0.025092920242751688,0.9577615795834924,0.29112099092744337,0.5925219851826236,0.7637685802549044
grade4,ridge,clinical+morphology+radiomics,3,0.6809064061950788,0.22011361348186945,0.6809462915601023,0.6795841209829867,0.9779781079010926,0.7704645377784726,0.012098189246126143,0.8089098705797992,0.14089208964668076,0.6077717543832969,0.7516063198598983
grade4,ridge,clinical+morphology+delta+radiomics,4,0.6805108280874457,0.22247085053360285,0.6805466751918158,0.6833648393194708,0.9739241530645903,0.7147137943027426,0.010291011628921154,0.8303213340652933,0.1661883736936749,0.6092218023701911,0.7532837550097173
grade4,ridge,timing+morphology+radiomics,3,0.6797360505240512,0.22239887897461322,0.6796675191815857,0.7031460977585742,1.0000522362302466,0.6980872590393218,0.011083469764540464,0.8131997299272608,0.1469177868908249,0.5912104876828544,0.7590690279747037
grade4,ridge,clinical+volumes+morphology+radiomics,4,0.6791520984414805,0.22071315160513658,0.6791879795396419,0.67708614636781,0.9780747861544083,0.7536671325047849,0.01273385664838912,0.8114790596633575,0.1435412491633078,0.6038814136750615,0.7511973654370327
grade4,gbm,timing+volumes,2,0.6791064381160691,0.22472903500651675,0.6791080562659847,0.7117202268431001,1.0415596056065444,0.5302307553164141,0.012733878614385243,0.9902981462193197,0.3268082951134995,0.5892802502568776,0.7632698571098651
grade4,ridge,timing+morphology+delta+radiomics,4,0.6783429266699549,0.22247961982573247,0.6783088235294118,0.7028760464488254,1.000205318862306,0.7053617576598723,0.015603853311662082,0.8277593848251371,0.16093569037824318,0.5930416070409805,0.7581551225644394
grade4,ridge,radiomics,1,0.6782389583965799,0.22074749910675637,0.6783088235294118,0.6735079665136376,0.9772479024888853,0.7977208167492958,0.00936148822346188,0.7697118421574314,0.1047823631231437,0.6014329231017758,0.7541376818327242
grade4,ridge,clinical+timing+morphology+delta,4,0.6778103146189421,0.2195775281747493,0.6777493606138107,0.7098298676748583,0.9978736475792971,0.8668681695492124,0.010780221471619507,0.8252280576147016,0.1574659308062587,0.5953338631760529,0.7562523664719031
grade4,ridge,timing+volumes+delta+radiomics,4,0.6777672145293459,0.22274688458897898,0.6777493606138107,0.7063867134755604,0.9996280583018264,0.6944004841785186,0.012494106568328337,0.8148447025539082,0.15036319965425315,0.5952790919107627,0.7582323552870013
grade4,ridge,timing+volumes+morphology+radiomics,4,0.6774180305429303,0.22200288667142393,0.6773497442455243,0.7015257899000811,1.0015046197315465,0.711544004107236,0.012760554160952522,0.8149089312477336,0.1484575039379734,0.5886287044081788,0.7574240203982598
grade4,ridge,clinical+timing+volumes+morphology,4,0.6766806477416684,0.2201212252984688,0.6765505115089514,0.7095598163651093,1.0065309791380541,0.7890555340267789,0.011529288044296149,0.8205268211626072,0.15222257896461933,0.595262590219516,0.7598682437993054
grade4,ridge,clinical+volumes+morphology+delta+radiomics,5,0.6760949256245469,0.22359220851397418,0.6761508951406651,0.6789765055360518,0.9747461555493089,0.6830190387321406,0.014506800952566148,0.8332806254406476,0.17274626675702986,0.600685764348102,0.7521472957571056
grade4,ridge,volumes+radiomics,2,0.6757387741608869,0.22165153116826142,0.6758312020460358,0.6732379152038888,0.9789244356086734,0.7613196334190074,0.017000668907380525,0.7805634153713225,0.11898815685998831,0.6008091261170169,0.751219965671219
grade4,ridge,clinical+timing+delta,3,0.6743975747443098,0.22134712409180354,0.6743126598465473,0.7142182014582771,1.0060777723644954,0.8733997115520667,0.01158642143582731,0.7891042637441545,0.12299354847739363,0.5973596316123888,0.75930075177262
grade4,ridge,clinical+timing+volumes+delta,4,0.6732022347115829,0.22189189389295932,0.6731937340153453,0.7104374831217931,0.9992914882174323,0.8222028126146188,0.015572896448257998,0.8074911160246162,0.14485659005042184,0.5902938687819219,0.7584005987563375
grade4,ridge,timing+volumes+morphology+delta+radiomics,5,0.6722594597145979,0.22413575855341106,0.6722346547314578,0.6974750202538482,1.0006717593746552,0.6679730941220909,0.013501764688461244,0.8320099831953782,0.17222170696482286,0.5856504437654511,0.7530576104246343
grade4,ridge,clinical+timing+volumes+morphology+delta,5,0.670197223307929,0.2214157247208047,0.6701566496163683,0.7028760464488253,0.9956683704408611,0.8283694371771964,0.009779568341436944,0.8260524022277109,0.16442980383651085,0.5862241877639138,0.7471927426206675
grade4,ridge,delta+radiomics,2,0.6670434983571172,0.22557152856847598,0.6671195652173912,0.6691196327302188,0.981465067523208,0.6943445474910268,0.0085367418358403,0.7901663712789865,0.13976404766126194,0.5968346529428029,0.7446991579243903
grade4,ridge,morphology+delta+radiomics,3,0.6664014848889146,0.22561838184145436,0.666480179028133,0.6665541452876047,0.9787487976087039,0.6760188360032445,0.017854662885599684,0.8122228851053387,0.15969304686438457,0.5948923960216952,0.7433103986041384
grade4,ridge,morphology+radiomics,2,0.6652219095818852,0.22440445033599102,0.6652813299232736,0.6640561706724277,0.9739072429338839,0.7284675551495328,0.01628917348300092,0.7885178363643892,0.1357260633634727,0.5927017053868828,0.7372696662996013
grade4,gbm,clinical+radiomics,2,0.6634501629551754,0.23571057753712496,0.6635230179028134,0.6589927086146368,1.0026220759903253,0.46556368283574356,0.009770473789288364,0.996387457950915,0.3552482357094824,0.5902222228876062,0.7365433831604824
grade4,gbm,delta+radiomics,2,0.6633413987075787,0.23314498190599567,0.663443094629156,0.6699972994869025,0.9948310250634879,0.45370466873128606,0.017826907525276887,0.9987762570299128,0.35545118288773403,0.5871257609065874,0.7398635029447749
grade4,ridge,volumes+morphology+radiomics,3,0.6626660789946301,0.22536830853622555,0.6627237851662404,0.6601404266810694,0.9782887345109268,0.7031432958532919,0.01672130361181611,0.7916640109333389,0.14147088934334462,0.5902455870001926,0.7364975598025338
grade4,ridge,clinical+timing,2,0.6616405750677536,0.21842435783643988,0.6614450127877238,0.7044963543073184,1.0124655809356415,0.9749859051063614,0.01209339996759329,0.7593621955096976,0.09982316507111555,0.5830400528446138,0.7544375152276622
grade4,gbm,clinical+morphology+delta+radiomics,4,0.6608358360304395,0.23916527447159974,0.66096547314578,0.6708074534161491,0.9923259717223892,0.3998013135239239,0.02108646262748708,0.9999445771095856,0.35599858852420296,0.5819362013811397,0.7369772453082711
grade4,gbm,clinical+volumes+morphology+delta+radiomics,5,0.6605027888893601,0.24063901685281058,0.6606457800511507,0.669187145557656,0.985919150568357,0.3975294216799327,0.023158580814681005,0.9999946344735077,0.3550053288947995,0.5793014540903284,0.7353891128948615
grade4,ridge,volumes+delta+radiomics,3,0.6603057990289045,0.2269702440925294,0.6604060102301791,0.6625033756413717,0.9803050262043407,0.6498622178991241,0.01808383383377005,0.798960021899905,0.15433018848749802,0.5899120312892866,0.7375424828593328
grade4,ridge,volumes+morphology+delta+radiomics,4,0.6599247503288769,0.2271084420225788,0.6600063938618925,0.6617607345395624,0.9766346906025372,0.6463574514537304,0.01686623872515068,0.8153712721259473,0.16938853600417814,0.5887116639705112,0.7363658674701407
grade4,gbm,volumes+delta+radiomics,3,0.6597093618349114,0.23641834247832166,0.659846547314578,0.6666216581150417,0.9970824187120455,0.4363696055412187,0.018955584746518015,0.9996471266299695,0.35402778084226316,0.5792310644566054,0.7356612492720523
grade4,gbm,clinical+volumes+radiomics,3,0.6583168008143128,0.23776996052342209,0.6584079283887468,0.6591277342695113,0.9987825929556693,0.43705251016895413,0.02184766323848785,0.999425848883902,0.3585416075723945,0.5828228938384632,0.729192522423232
grade4,gbm,timing+volumes+morphology,3,0.6571553246113158,0.23778064005294197,0.657049232736573,0.6921415068863084,1.035442763165833,0.41265936523202557,0.00441121415737279,0.9993449076555373,0.3571755699297199,0.572275733893942,0.7330398520011602
grade4,gbm,radiomics,1,0.656858430776729,0.23715697865848276,0.6568893861892583,0.6552119902781529,1.0108868765044265,0.4570817195036735,0.020882800147079546,0.9948716453575629,0.36054153982945925,0.5816262884518706,0.7354249748673735
grade4,ridge,timing+morphology,2,0.6541852427106594,0.22555991372981116,0.6540920716112532,0.6914663786119362,1.0140659956011622,0.7365141000543511,0.0047310868917969815,0.7692653124476518,0.12176705541915112,0.5636544554634534,0.7354452622217055
grade4,gbm,volumes+morphology+delta+radiomics,4,0.651809726073296,0.2437390621411069,0.6519341432225064,0.6609505806103158,0.9961494676065376,0.3837479548330154,0.022482852030845654,0.9999892689470155,0.36351732461354125,0.566612509776119,0.7295176068086693
grade4,gbm,timing+volumes+delta,3,0.6515810059468754,0.23471929026299995,0.6516943734015345,0.6870780448285173,1.0235892061705938,0.4343010998475338,0.009479769826245576,0.9918843696514686,0.35353203780947273,0.5530424148393694,0.7355492677042411
grade4,ridge,timing+morphology+delta,3,0.6498417039838578,0.2250516130224788,0.6498561381074168,0.6884283013772617,1.009003396152836,0.8059056360732308,0.012103731176382209,0.7888815268533884,0.14656865557661825,0.5554090214753243,0.7325104192906255
grade4,gbm,clinical+volumes+delta,3,0.6498290757272506,0.23575351625852894,0.6500159846547315,0.6550769646232785,0.9418013585110424,0.4724881149488054,0.012431082065218825,0.9929827648171771,0.352679790896235,0.5651719440222615,0.7270708380845493
grade4,ridge,clinical+morphology,2,0.6488600198677974,0.22592140030994645,0.6488171355498722,0.6424520658925196,0.9812529910988893,0.8519049668572888,0.010035062812822576,0.7652825984495266,0.12531455375677414,0.5652098457498601,0.7235572484410571
grade4,gbm,clinical+delta,2,0.6485169879966286,0.23515170916306288,0.6487372122762148,0.6575749392384553,0.9355788587627888,0.47376480672103005,0.026934228264201877,0.9496480216193899,0.31542880283578134,0.5699257499400839,0.7267853439027329
grade4,gbm,timing+morphology,2,0.646050153429101,0.2418990614627823,0.6459398976982097,0.6815419929786659,1.0529350626499183,0.37948371151047755,0.011018899116958292,0.997586249413243,0.3627777728328829,0.5637108718562103,0.722084447685391
grade4,ridge,timing+volumes+morphology,3,0.6452178434660131,0.2273845485879824,0.6451406649616369,0.6827572238725357,1.014700333747619,0.7274625700680365,0.004779618210510105,0.7664090357151301,0.12880100373591508,0.5557673131272389,0.732001260076163
grade4,gbm,timing+volumes+morphology+delta,4,0.645024307502629,0.24204914795268878,0.6450607416879796,0.6816095058061032,1.0176146619052866,0.3729953827573608,0.016714611604265375,0.9994743657690602,0.37032658888755476,0.5610212355877935,0.7214869405732536
grade4,ridge,timing+volumes,2,0.6430815023911705,0.22602076394045495,0.6430626598465473,0.6912638401296247,1.0245059816602844,0.8555165098182621,0.007781479109149445,0.7198264590270547,0.08348724952562914,0.5503181741835053,0.735672323236173
grade4,gbm,volumes+radiomics,2,0.6421865540812179,0.24428939733410918,0.6422634271099743,0.6404266810694033,1.0045980966406562,0.3931464129227304,0.02566267168802598,0.9990199868593816,0.3730313390792831,0.5632876205635284,0.7177704496337483
grade4,gbm,morphology+delta+radiomics,3,0.6419158034266537,0.24622320759852495,0.6420236572890026,0.6509586821496084,1.0045630726701311,0.35444036287619135,0.018923098051948434,0.9999223339981969,0.37314967764763585,0.5592196338492226,0.7191748366531057
grade4,ridge,timing+volumes+morphology+delta,4,0.6411956765288804,0.22732339303627785,0.6412244245524297,0.6800567107750473,1.0093933444645955,0.7446103492305777,0.013064315014065632,0.7894041934212804,0.15527362603997352,0.5477731618665002,0.7216022717817503
grade4,ridge,clinical+volumes+morphology,3,0.6402003480760464,0.22719340138130226,0.6401854219948849,0.6354307318390494,0.9783152141991891,0.8166197640831597,0.011992600237574876,0.7669205232958421,0.1339265947035122,0.5587205100214798,0.7169375204251579
grade4,gbm,clinical+volumes+morphology+radiomics,4,0.6394040475673237,0.2494081930468791,0.6394661125319694,0.6465703483661895,0.9944664878251888,0.3648353184471938,0.025686505133238613,0.9999588922768058,0.37270234187775675,0.55642638484286,0.7205955147381378
grade4,ridge,clinical+morphology+delta,3,0.6359658310525175,0.2271173453715741,0.6360294117647058,0.634350526600054,0.9743895453838491,0.7943284154217448,0.010828116479146242,0.7868518153107544,0.15734835312360185,0.5544657975772396,0.7162189772331333
grade4,gbm,clinical+morphology+radiomics,3,0.6349229608426907,0.25162307007482965,0.6349904092071612,0.6405617067242776,1.000602345574355,0.34119387186142125,0.01855644179438831,0.999830694025589,0.37890487909157056,0.5550900868139567,0.7114188584240799
grade4,gbm,volumes+morphology+radiomics,3,0.6337694978458529,0.24990443141245655,0.6337915601023019,0.6411018093437753,1.007720655494363,0.35916613434213934,0.026368177449287985,0.9999791375441976,0.3772155061967464,0.5498197194074521,0.7124475358097262
grade4,gbm,clinical,1,0.6337402646300216,0.23718119753491737,0.6338315217391304,0.6291857953011073,0.9161898080465438,0.47857356414709257,0.01268803728185175,0.8268110025038783,0.20787883250700367,0.5451487454840154,0.7132745238113912
grade4,ridge,clinical+volumes+morphology+delta,4,0.6333938369917512,0.2286546762509856,0.6334718670076727,0.6333378341884959,0.9719146094819958,0.7446974794464234,0.013011918841366803,0.7897683471968022,0.16445628676787905,0.5503551255812643,0.7139326255848273
grade4,gbm,timing+morphology+delta,3,0.6291528431734759,0.24724084395612073,0.6292359335038362,0.6670942479071024,1.031512560009318,0.3471552520025392,0.009866717938893621,0.9974396699216651,0.38086952460902024,0.5460592311415946,0.7058333437499662
grade4,ridge,timing+volumes+delta,3,0.6281912020182117,0.22964677704601857,0.6282768542199488,0.6771536591952471,1.0147202615289892,0.7513735698014051,0.01179306983509662,0.7491053804850785,0.1259881692465723,0.5381058838090284,0.7115452678989334
grade4,ridge,clinical+volumes,2,0.6263955809726788,0.22903133662618008,0.6264386189258313,0.6174048069133135,0.9697995129084364,0.769854050008537,0.02047295281199073,0.7337864524281507,0.11425941664342976,0.5469360965948655,0.708029200216237
grade4,gbm,morphology+radiomics,2,0.6240197120529171,0.2548000875177371,0.6240409207161125,0.6286119362678909,1.0164972777588928,0.31757260868016896,0.025582215972676008,0.9996702510053257,0.391573320046136,0.5471333373082335,0.6997892726559459
grade4,ridge,clinical+volumes+delta,3,0.618407296289488,0.23363936091276533,0.6185262148337596,0.6194977045638671,0.9675336679687081,0.6565712603719974,0.016486245520069293,0.7649924637770588,0.15353276494856305,0.5363076028108975,0.6976089205433808
grade4,gbm,clinical+volumes,2,0.6169021619604957,0.2441097286971319,0.617007672634271,0.6134890629219552,0.9524733166274028,0.41890984109439205,0.017773531250047995,0.985494616006265,0.37710737851951637,0.5208019346855016,0.6987359145789118
grade4,ridge,morphology,1,0.6116349077009703,0.2310726677736265,0.6116528132992327,0.6027545233594382,0.9857203398307993,0.811357810147291,0.004631335369647458,0.7133226754722911,0.10582621335201259,0.5261047302208639,0.68830650606518
grade4,ridge,morphology+delta,2,0.6087987785660909,0.23135120988820004,0.6089354219948849,0.6047799081825548,0.9850632755473658,0.7498189368300361,0.010532052820791851,0.744873496102414,0.14300956902618045,0.5216377727321099,0.6871014277698738
grade4,gbm,clinical+volumes+morphology+delta,4,0.6053752929911144,0.2570698513569652,0.6054987212276215,0.6129489603024575,0.955219765413458,0.26916805376559194,0.017808122369073403,0.9994090902992082,0.40675643030658126,0.5189209554639305,0.6860010227289182
grade4,ridge,volumes+morphology+delta,3,0.6032649696568111,0.23267987488962344,0.603420716112532,0.6014042668106941,0.9864483728312772,0.7037210172840508,0.012833086597027372,0.7486825053800916,0.1508860259638818,0.515151111434755,0.6858926944340937
grade4,ridge,clinical+delta,2,0.6025083670545425,0.23432113071069213,0.6025415601023019,0.5974885228193356,0.9731773185055271,0.6779047386737522,0.013540177085542475,0.7330694816273075,0.13830496802544145,0.5200069754386487,0.6795641271725995
grade4,ridge,volumes+morphology,2,0.6024345475199225,0.2323154232898815,0.6024616368286444,0.5949230353767216,0.9857882698860458,0.7956773544477659,0.005857477313169308,0.713625240135716,0.11341714224536303,0.5177108184076485,0.6853594037721431
grade4,ridge,timing+delta,2,0.5999606801686412,0.2301346088849414,0.5999840153452685,0.6542668106940319,1.0188488747754618,0.7941803257270789,0.014836097471819814,0.7223645603258386,0.11328304843507209,0.5169424150797125,0.6834454788445828
grade4,gbm,clinical+volumes+morphology,3,0.5925508777381646,0.2618041429662677,0.5925511508951407,0.5970834458547124,0.964367705822021,0.24396627116187203,0.013999183551969396,0.9987078220212169,0.41589439091395586,0.508164423660956,0.6746337699663598
grade4,gbm,clinical+morphology+delta,3,0.5742338049137251,0.26894416157990586,0.5744085677749361,0.5865514447745073,0.9539985021881178,0.19582489070120557,0.016085499442635886,0.9969620647622474,0.4311803080613388,0.49079175820441934,0.6558783919562318
grade4,ridge,volumes,1,0.5732443214952272,0.23737894260951772,0.5733695652173915,0.57291385363219,0.983476319044354,0.7173229506124674,0.01462501930830926,0.6361384660644958,0.06697147854653152,0.4869872258938716,0.6593656583323934
grade4,ridge,timing,1,0.5708812199176923,0.2297425182695041,0.5708120204603581,0.6265190386173373,1.0252290830244872,0.8757069724774957,0.020131509349859383,0.6671518030613314,0.08107282665952942,0.48146128677249056,0.6634445642602197
grade4,gbm,clinical+morphology,2,0.5690076076044287,0.2695047406145287,0.5690537084398977,0.5768971104509858,0.9586479578644883,0.17505699715569645,0.01028524909336598,0.9954328313544178,0.43852430025797884,0.4844415254386751,0.6536197617784072
grade4,gbm,volumes+delta,2,0.5675384294413184,0.2593804074611146,0.5676950127877238,0.5738590332163112,0.9618902873287654,0.19950151843680156,0.00796568586379443,0.9833866953801678,0.42558371657168115,0.4802598344960421,0.6549256192720222
grade4,ridge,volumes+delta,2,0.5660068051019329,0.2390318230901193,0.5662563938618926,0.5716986227383203,0.9908864841868177,0.5291042214872606,0.013266324387528889,0.683669888920932,0.11797289354589535,0.48230544756249827,0.6462848616190532
grade4,ridge,clinical,1,0.5560193330176648,0.22969471209588047,0.5559063299232736,0.5374358628139346,0.9736717806596985,0.9088071136252848,0.015488015340311514,0.6823158172256059,0.10858572554273926,0.4555671996404224,0.6473230913326777
grade4,gbm,volumes+morphology+delta,3,0.545409143894504,0.27431868312420726,0.5455562659846548,0.5549554415338914,0.9668596924296172,0.1177124656854295,0.017714537236953716,0.9987975533132024,0.46151229597431354,0.4618989705679427,0.6275534289725995
grade4,gbm,volumes,1,0.5401370991127846,0.2664476455552332,0.5402014066496164,0.5351741830947879,0.9570880032355615,0.11278968681348141,0.011505800386866204,0.9675213646963613,0.4325104542183865,0.44737254726616144,0.6223365819552198
grade4,gbm,volumes+morphology,2,0.537240638149407,0.28073935207196843,0.5371643222506394,0.5448285174183094,0.9753509048519805,0.081745924532272,0.011424584215098494,0.9970726492599455,0.4675284416015154,0.45300940588375466,0.61686831934634
grade4,gbm,morphology+delta,2,0.5215970712046236,0.28038353590672194,0.5217391304347826,0.5299756953821225,0.9607026348611732,0.06156081483372042,0.015339166780284226,0.9943063346244199,0.4803583426309207,0.44576289455431684,0.6011342490057628
grade4,gbm,morphology,1,0.5078261124038506,0.2857280283958815,0.507752557544757,0.5120847961112611,0.9811766721500053,0.015614858351585657,0.009062550167631772,0.9902759202045931,0.48244301533251777,0.4210027936497929,0.5992855732896077
grade4,gbm,delta,1,0.4958724682991768,0.24840908674243453,0.4961636828644501,0.5039832568187955,0.9906925674035756,0.28541537047814997,0.023579174375936224,0.8705440592660793,0.34033773912345033,0.40168268990665756,0.5696615719293406
grade4,ridge,delta,1,0.49061795416458426,0.2409400490049099,0.49080882352941174,0.49237105049959495,0.9911543370054284,0.4203915394352347,0.011416346476693618,0.6316771650071961,0.11567379974595726,0.4033442744964155,0.5666693370596889
