variant,stability,selection,integration,learner,auc_ipcw,brier_ipcw,auc_verified,auc_naive,oe_ratio,cal_slope,auc_repeat_mean,auc_repeat_sd,auc_ipcw_lo,auc_ipcw_hi,brier_ipcw_lo,brier_ipcw_hi,d_auc_ipcw_vs_None|none|none|none|ridge,d_auc_ipcw_lo,d_auc_ipcw_hi,d_brier_ipcw_vs_None|none|none|none|ridge,d_brier_ipcw_lo,d_brier_ipcw_hi
,none,none,none,gbm,0.7231035750422847,0.2048148565177877,0.7230658567774936,0.7581690521199027,1.0082550108135582,0.9662387281575879,0.7171806558505153,0.009568999619815687,0.6326510233882862,0.806193147051664,0.17759461606172555,0.23555360595213096,0.026539322750978755,-0.026403463952066546,0.08296483624864427,-0.009482698044271015,-0.025867601300618815,0.007780155955045459
legacy,none,top10,concat,ridge,0.7199397936495454,0.20916373872071561,0.7198689258312021,0.7539832568187955,1.0141610083202783,0.8245280964495024,0.713795916915618,0.003379745527022985,0.6427194624578109,0.7920961906591684,0.18395516882223703,0.2387278561128242,0.02362380811200371,-0.03244093926584826,0.07895683730064645,-0.005279803697443678,-0.018982418631316413,0.008918761183588968
legacy,none,decor20,concat,ridge,0.717955785722015,0.209730304912787,0.7178708439897699,0.7494598973805022,1.0121003330576344,0.8068482234160108,0.7109363137828268,0.011202610401136202,0.6379060088430001,0.7891341814588242,0.18241173395803678,0.2385643124942383,0.022341965273001623,-0.040034410074624494,0.08305496869433569,-0.005014390573943085,-0.021736440399066352,0.012245663403726093
legacy,none,top30,concat,ridge,0.7113992008277614,0.2105440583947401,0.7113171355498721,0.7413583580880366,1.018625808465341,0.8049592428734346,0.7045265283990952,0.017290279032370133,0.6320282306508715,0.7822203677051431,0.18432740662856448,0.2396587087809858,0.015277505123178922,-0.0481488570033062,0.07819713277236783,-0.003990413758501726,-0.02012333066575404,0.012646127809718195
legacy,none,pca10,concat,ridge,0.7078206208622846,0.21342698349158581,0.7078005115089514,0.7331217931406967,0.9971515219113146,0.6950365395734798,0.702381839924859,0.009704800677515583,0.6239062575377573,0.779111085405316,0.18448720626508938,0.24657003200044894,0.01162826759270982,-0.05449746467946112,0.07871250321370885,-0.0011669881728599701,-0.020553494393623903,0.018426026616577995
legacy,none,decor20,stack,ridge,0.7020002263283462,0.21295400898729835,0.701886189258312,0.7412908452605995,1.0172502967270642,0.8756504760468733,0.6949530608645251,0.020987485943107842,0.6249077052923611,0.7800637116765339,0.18862582923196095,0.2406171983636343,0.006990454557031375,-0.015818607722730617,0.028360561937223378,-0.0016410905526607813,-0.006118707551125818,0.0028833356246724473
legacy,none,top30,stack,ridge,0.6992973917741727,0.21376812930883143,0.6991687979539642,0.7389954091277341,1.0176786478469777,0.8939083192969215,0.689653059215592,0.016212837094497418,0.6207439723735103,0.7804766763852327,0.18945235482026057,0.24127775091330692,0.004282714491742553,-0.018234107987747383,0.024863474230371007,-0.0008445616515376638,-0.005291870678388864,0.0038986994526780056
legacy,none,pca10,stack,ridge,0.6985711348049108,0.2156387488785447,0.6984494884910486,0.7378476910613017,1.0069253934928066,0.47011273129918346,0.6870362023378955,0.01561970620150548,0.6178298082227307,0.7765911400201799,0.1887080352972182,0.2436629372950926,0.0040946739470927454,-0.009130044965838125,0.016219336076737968,0.0010278348031521158,-0.004040570454092197,0.008125704119258063
legacy,none,top10,stack,ridge,0.697850425429202,0.21426034843169767,0.697730179028133,0.737307588441804,1.0163608822430032,0.8458389282870125,0.6891403281455237,0.008163104148387411,0.619533167155584,0.7771164018237507,0.18907806884388995,0.2414325321993845,0.0029560976680451413,-0.012781555495775953,0.018759832201189684,-0.0002923355420513917,-0.003288380254632317,0.002769103481783854
v2_all4,icc,l1,stack,ridge,0.6976687979583602,0.21440159651041732,0.6975703324808185,0.7366324601674318,1.0277618877189818,0.8526141250423576,0.6841325836140071,0.008249673719962762,0.6150523787949495,0.7766018533526734,0.1888595528738031,0.24234867869955692,0.0030402972890336832,-0.007432890763261296,0.013667055943954926,-0.00012992795219715828,-0.002634100042669711,0.002477089928944517
v2_all4,none,l1,stack,ridge,0.6948039157074297,0.21466878311123813,0.6946930946291561,0.7342019983796921,1.02469088873278,0.8455741083503704,0.6847360520964632,0.013760523159333432,0.6129035479425494,0.7754719557672286,0.18908101774179487,0.2430355538231962,0.00029734201777396175,-0.010703565441125927,0.012440883582186759,0.00011736166223634419,-0.0026104673465866812,0.00265324767677681
,none,none,none,ridge,0.6944223802666452,0.2145469390587054,0.6942934782608696,0.7340669727248177,1.0235198605164317,0.8534969033741411,0.689087345558321,0.013038557434072695,0.6131977896351717,0.775160935762832,0.1893112336474338,0.24240672864973298,,,,,,
v2_all4,icc,l1,concat,ridge,0.6942343585205497,0.2261791872376697,0.6942135549872123,0.7190791250337564,0.9763593434103905,0.4725568332592274,0.6757641803167317,0.02470824340179823,0.6134237409421572,0.7707170366152525,0.1928956019350979,0.2644980915454123,-0.0017439851949485937,-0.06918725637731421,0.058161657220162324,0.011817806117447493,-0.010894554082287596,0.038048650650065595
v2_all4,icc,decor20,stack,ridge,0.6939259922378171,0.2137301929788922,0.6938139386189258,0.733864434242506,1.0229796048048079,0.8973825341155696,0.6882379750307221,0.017509183690883282,0.6119045642349197,0.7732035956692248,0.18911322657984148,0.23996399533587986,-0.0004537921708231042,-0.009548429518037655,0.008290265014906234,-0.0008296771651190553,-0.002639711372518544,0.0009719951979957769
v2_lesion,icc,pca10,concat,ridge,0.6938806650645064,0.21721265020215108,0.6937340153452686,0.7317040237645154,1.0131482916058192,0.8081666737736701,0.6818449656606397,0.02713427411095178,0.6063097387819452,0.7747436679235916,0.1900398023441388,0.2472493554408978,-0.0022289362730569698,-0.060419312161059356,0.060601963962371636,0.0025448427857572894,-0.013351229288683673,0.018331630643885995
v2_all4,none,decor20,stack,ridge,0.6932859617760077,0.2142121028338157,0.6931745524296675,0.7331217931406967,1.0215351371100927,0.8656013217237067,0.6867012291807153,0.01896429923772159,0.613103484423205,0.7735169788364225,0.18893479417021483,0.24142389328719432,-0.0010868221661418883,-0.00968144460806296,0.006837084306393506,-0.000345008192550285,-0.0017977726123964864,0.0011189987792543626
v2_lesion,none,pca10,concat,ridge,0.6931645036332458,0.21746868419508883,0.6930147058823529,0.7307588441803943,1.016873555665926,0.7918803888109907,0.6794002755117635,0.023048456395501644,0.6058656252227482,0.7738255366443987,0.19017637856711653,0.24783699737264986,-0.0028356595634972228,-0.06300639821630806,0.05981772681463453,0.0028274888694573485,-0.01354516156142138,0.01897799747460142
v2_lesion,none,pca10,stack,ridge,0.6929755787250124,0.2141252177143971,0.6928548593350384,0.7336618957601945,1.0231675950183288,0.910335362969055,0.6886226861266447,0.01585971089920563,0.6090569801320622,0.7718040052710106,0.18961809304345623,0.240234498179056,-0.0013254536020814564,-0.01210402137785448,0.008810597195496856,-0.0004786628936915586,-0.002795708397409194,0.001718378934567446
v2_all4,none,pca10,stack,ridge,0.6926430807712944,0.21449288932066302,0.6925351662404092,0.7327842290035107,1.0231034274766566,0.8527802277444596,0.6890455731135327,0.017679523968042746,0.6114617514881633,0.7719745080345032,0.18899255896271672,0.24175822546993073,-0.0017174708010301678,-0.008646559274654025,0.00524159929826434,-5.343698947932546e-05,-0.0014916110875448723,0.0013391695883651794
v2_compartments,none,pca10,stack,ridge,0.6925739287187057,0.2144913677521884,0.6924552429667519,0.7327167161760735,1.0238692612282863,0.8688085243107947,0.6895894026634484,0.017655761023387062,0.6096628910825721,0.772197314939602,0.18956753201066512,0.24158486610530278,-0.0018763945698622,-0.007793081449768225,0.0034464835946667644,-4.9532881833766395e-05,-0.001473533317117047,0.0013734101137733003
v2_lesion,none,decor20,stack,ridge,0.6921060902492778,0.21559549860382013,0.6919757033248082,0.7325141776937617,1.0277582403816021,0.8388194670837724,0.6874191279772053,0.014492386896316097,0.6080204633755272,0.7729811373016807,0.19021897855671735,0.2434791894950562,-0.00240597856167056,-0.008738425667715937,0.003717106680283625,0.0010442577759217473,-0.0004080318115511544,0.002607145943972912
legacy,none,l1,stack,ridge,0.6915377770994496,0.21487930544987893,0.6914162404092071,0.7315014852822036,1.009947210496299,0.8810014259002097,0.6845386652362703,0.02120112134374082,0.6100581466686641,0.7751599855808798,0.19023593671956365,0.2418216403992013,-0.0035359180654912004,-0.028056423424021315,0.02090329014348607,0.00030694229498284776,-0.00450508108641504,0.005178733260024211
v2_all4,none,top30,stack,ridge,0.6913795135169816,0.21457831390567889,0.6912563938618925,0.7315689981096409,1.023750593040595,0.8824579175782503,0.6847297510198213,0.018059315590964187,0.6122840482967896,0.7718875065807916,0.18961240417607564,0.240980705482159,-0.002989657143145307,-0.012776072842645685,0.005355423045351248,1.3345677016585934e-05,-0.0018542851935379285,0.0019039260235437195
v2_all4,icc,pca10,stack,ridge,0.6913649918429009,0.2146257904186721,0.6912563938618925,0.7316365109370779,1.0230272408262393,0.85218682307377,0.6881187646636729,0.017639974659270787,0.6104729624467405,0.771031757362359,0.18908567326506434,0.2421331322638574,-0.002959832964386072,-0.009107008285511087,0.003398278805651461,7.943333390857194e-05,-0.0012093839271748673,0.0013321486250014926
v2_lesion,icc,pca10,stack,ridge,0.6912228145058099,0.21425946887909766,0.6910965473145779,0.7317715365919524,1.0250755748986338,0.8949964036338203,0.6883866868576526,0.017395908771992742,0.6062909998202094,0.7708586986552706,0.1890478895132467,0.24072575242677696,-0.0031808811630315787,-0.012926372708426193,0.005303720567785875,-0.00031527222356515365,-0.0023072951104099516,0.0016926214950173167
v2_lesion,none,l1,stack,ridge,0.6911410517416464,0.2148594242853538,0.6910166240409207,0.7315689981096408,1.0264770669082475,0.8502184305573083,0.6853813140306168,0.01738967107409932,0.6095731909555566,0.7705743614210031,0.1892157429713772,0.24212590668572484,-0.0033665327202707807,-0.01169935551482083,0.0035170612939009463,0.0003053929819997546,-0.0012282373543099731,0.0021555640899587596
v2_all4,icc,top30,stack,ridge,0.691058073014625,0.2146469853569252,0.6909367007672634,0.7314339724547664,1.0235785624988822,0.8809091129780713,0.68428083902588,0.018767809060285173,0.6112920836011465,0.7716165114042839,0.18960432705920074,0.24104804479056866,-0.0033353086451855204,-0.012918857727992639,0.005188697322903761,7.681823397865829e-05,-0.0019296069308346595,0.0020333294294599858
v2_lesion,none,top10,stack,ridge,0.690908573454303,0.21543901976976407,0.6907768542199488,0.7311639211450175,1.0238738898555781,0.8342552319577986,0.6860547312472338,0.015295212013993234,0.6079146773399215,0.77102383441875,0.19015735684590424,0.24341183249969592,-0.0034881201695713022,-0.007946472314992098,0.00036190917962992643,0.0008782129191404948,-0.00022027903757807082,0.002210867045431487
v2_lesion,icc,top10,stack,ridge,0.690908573454303,0.21543901976976407,0.6907768542199488,0.7311639211450175,1.0238738898555781,0.8342552319577986,0.6860547312472338,0.015295212013993234,0.6079146773399215,0.77102383441875,0.19015735684590424,0.24341183249969592,-0.0034881201695713022,-0.007946472314992098,0.00036190917962992643,0.0008782129191404948,-0.00022027903757807082,0.002210867045431487
v2_compartments,icc,pca10,stack,ridge,0.6907359883160932,0.21482609761035834,0.6906170076726343,0.731298946799892,1.0223815815334114,0.8761113213541973,0.6884658155190585,0.01636435356236331,0.6071006687542398,0.7706082071916219,0.190114992584726,0.24127786027309708,-0.003695963836782106,-0.00946380477627859,0.0019911680313732688,0.0002648304622240189,-0.0012442492353193669,0.0017330079277177667
v2_lesion,icc,top30,stack,ridge,0.6901879708590748,0.21577492587822023,0.6900575447570332,0.730691331352957,1.026263152983844,0.8398051361208415,0.685291878001187,0.01525284517025815,0.6067378572996764,0.7712140617916455,0.1903201618037735,0.243508359868154,-0.004305153885047668,-0.009674732392348045,0.0007132134870872919,0.0012138274539099014,-3.255439005498959e-05,0.00254555353214313
v2_lesion,icc,decor20,stack,ridge,0.6901083646021797,0.21587054528020963,0.6899776214833759,0.7304887928706454,1.0275091250344508,0.840705805864237,0.6857442868807422,0.016310338851589952,0.6060344234154574,0.7713366293946764,0.1904712607085143,0.2433876172533451,-0.00439183275111788,-0.009615351979411829,0.00043447826097136043,0.0013254590870928574,0.0002105614760099406,0.0025400801956840047
v2_lesion,none,top30,stack,ridge,0.6898673471647347,0.21577713523560757,0.6897378516624041,0.7304212800432082,1.026178531695076,0.8389995620383348,0.6851961825640314,0.015210827238824314,0.6054356100166197,0.7709727533502586,0.19031359402659656,0.2435180099306433,-0.00462688296694471,-0.010534183718394175,0.0006532512691793046,0.0012132749109372441,-0.00013978906654424914,0.0026158462370259755
v2_lesion,icc,l1,stack,ridge,0.6890602494773862,0.21525485810962378,0.6889386189258312,0.7298136645962733,1.0256322758196483,0.8432024116815046,0.6842139075060032,0.017309102968763524,0.6056580542658658,0.7686406027461626,0.18969030197383155,0.2426087208822558,-0.005413366626618423,-0.013030205699157582,0.0012705329653552625,0.0006964373633837852,-0.0007322482769765839,0.002444584105958852
v2_compartments,icc,l1,stack,ridge,0.688569661763413,0.21624614336700015,0.6884590792838876,0.7293410748042128,1.0245150112630248,0.8382770525173373,0.6812456757515004,0.012818324789543215,0.604479048993142,0.7714202142596247,0.1906776580824133,0.24408096362234957,-0.005626987945441075,-0.016521109965382523,0.0039442155560526476,0.0016343830945786959,-0.00032078715156280685,0.0037619244317143846
v2_compartments,icc,top30,stack,ridge,0.6883458756578424,0.21564654360856716,0.6882193094629157,0.7292060491493384,1.0218062263287653,0.8309470195312153,0.6834647775472331,0.014614603008756558,0.6067565157622011,0.7699394697878661,0.19026800657943418,0.24410886328418377,-0.0059110317673994025,-0.0149122633423319,0.002261853821383411,0.0010531503804296484,-0.0005165863665148206,0.002731339592997331
v2_compartments,icc,decor20,stack,ridge,0.6878554459027166,0.21567632668762815,0.6877397698209718,0.7288009721847151,1.0220463753365263,0.8285431526234376,0.6839042318454334,0.014371501176035854,0.6052149290325791,0.7700293325645472,0.19009307573905132,0.24412436101124946,-0.00633858001445502,-0.017178135271697093,0.002279656851751359,0.0010701861714320741,-0.0007919437677868609,0.003174606864381066
v2_compartments,none,top30,stack,ridge,0.6876330355183415,0.2158456678936605,0.6875,0.7283958952200917,1.0208272578996378,0.834093782752635,0.6816922525380555,0.013840034287655362,0.606367530922039,0.7698196243051768,0.1903845126446829,0.24384506264795447,-0.006571546707462435,-0.01535952952855323,2.0966229913269374e-05,0.001256764039727582,-8.147222546227985e-05,0.0026750742067242067
v2_compartments,none,top10,stack,ridge,0.68761946181157,0.2163076857935327,0.6875,0.7283283823926545,1.0220403632171238,0.8258718646184853,0.6824515571781327,0.016633970008297822,0.6041896349712541,0.7690317630454645,0.19095458971904164,0.2441301050487946,-0.006659570217365786,-0.014648959119377846,9.928223248319212e-05,0.0017231752157728748,0.0006634504189416469,0.0028945238416548135
v2_compartments,none,l1,stack,ridge,0.6873093228378957,0.21626490779107319,0.6871803069053708,0.7277207669457197,1.0231627013869473,0.8236795832198124,0.6812288597848778,0.012182702626891601,0.6048112945878632,0.7700932506304986,0.19052174366270447,0.24427688684234194,-0.007026930086889824,-0.014534884585110392,4.552552132975158e-05,0.00170109000104266,0.00043667011019345864,0.0030855919251656758
v2_compartments,none,decor20,stack,ridge,0.6873031842723837,0.21603805625287714,0.6871803069053708,0.7281933567377802,1.0226155703944195,0.8392680761676314,0.6813172259358021,0.014485176593431173,0.6046135809548533,0.7695133920635179,0.19025533029072422,0.2441254693420174,-0.007023566202150023,-0.016695146166613443,0.0004394494275327062,0.0014536465747798791,8.06290123329237e-05,0.003038113085282282
v2_compartments,icc,top10,stack,ridge,0.6869797697289526,0.21627534211620997,0.6868606138107417,0.7277882797731569,1.0220652421451701,0.8249918753171416,0.6824499223088829,0.016786271497279515,0.6036161065529845,0.7688352193236787,0.19081619299916558,0.2441694773697611,-0.007291672195533058,-0.015045224481268243,-0.0003488002516418535,0.0016938435025739339,0.000634044399564343,0.0028274246907004264
v2_all4,none,top10,stack,ridge,0.6865753573440652,0.216234185915538,0.6864609974424554,0.7275182284634081,1.0241149181773526,0.8611887702962839,0.6819211083160681,0.01596420033117331,0.6043427329342593,0.7680195125111389,0.1911151616771108,0.24307120971374702,-0.007802106557540093,-0.01694321579439177,0.0006583864766708953,0.00166412663579277,-0.0002530770999463971,0.003434937854182296
NESTED,-,-,-,ridge,0.6864523363438071,0.21829457446745634,0.6863810741687979,0.7274507156359709,1.005759788807694,0.744513184811988,0.6709152643348624,0.011407603456800466,0.6029796236480603,0.7700224508079473,0.191140043403333,0.2469687466022636,-0.008774407585227465,-0.04737999316163131,0.025286560955105643,0.0036281334280805597,-0.004197032297119176,0.01284444443133154
v2_all4,icc,top10,stack,ridge,0.6860931851723346,0.21603733759416047,0.6859814578005116,0.7271131514987847,1.0227892170700925,0.8520483456955008,0.6815135422341112,0.015642754408889202,0.6044045193100613,0.7680908174676592,0.19086778552302153,0.2430023880689433,-0.008222823863607547,-0.0181032971004662,0.0002838349288950294,0.001459380275456696,-0.0005000309805476055,0.0033159687992233206
v2_all4,none,l1,concat,ridge,0.6817076984583046,0.2325101535389277,0.6816656010230179,0.7098973805022954,0.9883275296494964,0.43828733682103277,0.6628441096738589,0.03153177153967168,0.5963687751847531,0.757148582761158,0.19875562055210655,0.270326274528858,-0.013908375643515599,-0.07996524540989139,0.046857015894151734,0.017926207189187224,-0.005346176125152829,0.04312172928554999
v2_lesion,icc,l1,concat,ridge,0.6795511859626092,0.22016983132316742,0.6794277493606139,0.7210369970294357,1.010118169951896,0.7691275755754764,0.6715269834148346,0.010174664747133317,0.590375703500011,0.7627187030095001,0.19431049589917362,0.25008792308270106,-0.016445296031181174,-0.07299010562461221,0.03676892759875781,0.0055320640485329725,-0.007773268845052796,0.01942877326335602
v2_lesion,none,l1,concat,ridge,0.6793883872891963,0.2201017416484976,0.6792679028132993,0.7209019713745612,1.0104959643524747,0.7700132453177951,0.671318267624432,0.010229341299357647,0.5892696923618548,0.7630733340565979,0.19424122468870153,0.24955607623584775,-0.016599764689358875,-0.07403344462583036,0.036377579326569195,0.005467207036767282,-0.007864774827193563,0.019360511444136138
v2_all4,none,pca10,concat,ridge,0.679354586023895,0.22021853422466542,0.6793478260869565,0.7179314069673238,1.0222342577279042,0.7291641123391174,0.6691998227632109,0.02286659454083242,0.594911709641216,0.7585783979781087,0.19243629574161356,0.2505903515111865,-0.016971816666363902,-0.07853470048765279,0.046129001105788,0.005711637159541932,-0.011397030954645034,0.021908061054572048
v2_lesion,icc,top10,concat,ridge,0.6788926359800888,0.22018627497931792,0.6787883631713556,0.7198892789630029,1.0091900842213062,0.7330391001817202,0.670393478172918,0.01400431890078572,0.5934699709703457,0.7595784206841841,0.19457216025291,0.24991880944416464,-0.016700753328689207,-0.06517777430315504,0.029678573126580003,0.005520769330935595,-0.004972443061964089,0.016893283899991944
v2_lesion,none,top10,concat,ridge,0.6788926359800888,0.22018627497931792,0.6787883631713556,0.7198892789630029,1.0091900842213062,0.7330391001817202,0.670393478172918,0.01400431890078572,0.5934699709703457,0.7595784206841841,0.19457216025291,0.24991880944416464,-0.016700753328689207,-0.06517777430315504,0.029678573126580003,0.005520769330935595,-0.004972443061964089,0.016893283899991944
v2_lesion,none,decor20,concat,ridge,0.6785835771398738,0.2202546543188674,0.6784686700767263,0.7204968944099378,1.0196463873758337,0.7555919864898891,0.670061318238494,0.016429072361292024,0.5892894763594333,0.7618534710505089,0.19422857127433446,0.25027414061710895,-0.01749585412713295,-0.07107982189657472,0.0356817213502474,0.005693182114055982,-0.006912377799135336,0.018533215507198754
v2_all4,icc,pca10,concat,ridge,0.6752680925286084,0.22087766104588596,0.6752717391304348,0.7138806373210911,1.0211205314258691,0.7181819449853792,0.6678376615017225,0.023092511447387075,0.5919496632751619,0.7566095092435101,0.1933347868173558,0.25083386329344504,-0.020921266838882124,-0.08100767095273742,0.042104391090709764,0.006370061766052104,-0.01078046652566443,0.022177879296817155
v2_lesion,icc,decor20,concat,ridge,0.6743445706553378,0.22113863573558643,0.6742327365728901,0.7169187145557656,1.0178295824124508,0.749126477578228,0.6670878074022697,0.01525763100836969,0.5830521930995668,0.7577104431396282,0.19456091896128183,0.25132684992197085,-0.02180355090166172,-0.07572705432322654,0.03174420778484636,0.006558423652614046,-0.006192696988251562,0.019773503466932105
v2_compartments,icc,top10,concat,ridge,0.6731726640055937,0.22247614469353444,0.6731138107416879,0.7140156629759654,0.9956017454289343,0.6629935940151804,0.6615603325131614,0.02848874068331296,0.5824130456065649,0.7593458587107711,0.19421678831482986,0.25382335697572994,-0.02279964694139729,-0.06731123648744126,0.022172254033983783,0.007771067244270565,-0.004106553549801664,0.021325477066477312
v2_lesion,icc,top30,concat,ridge,0.6697015615020512,0.22265842049825033,0.6695971867007672,0.7125303807723468,1.0090822877320669,0.7455192997412471,0.6615640358560341,0.013928052735035803,0.5777542942659711,0.7535363123321708,0.19626213928082464,0.25152975220225354,-0.026248053178971265,-0.08436574406994164,0.029587130847846213,0.00801524337585589,-0.006374016201022598,0.02236826523835617
v2_lesion,none,top30,concat,ridge,0.6697015615020512,0.22265842049825033,0.6695971867007672,0.7125303807723468,1.0090822877320669,0.7455192997412471,0.6615640358560341,0.013928052735035803,0.5777542942659711,0.7535363123321708,0.19626213928082464,0.25152975220225354,-0.026248053178971265,-0.08436574406994164,0.029587130847846213,0.00801524337585589,-0.006374016201022598,0.02236826523835617
v2_compartments,none,pca10,concat,ridge,0.6679671904429085,0.22243613886274122,0.6679187979539644,0.7076019443694301,1.0087945653042407,0.7196359196650174,0.6573555278433731,0.025412499640700078,0.5784240422688386,0.7521535580370466,0.19475483577079755,0.2522172108392841,-0.028248456644033144,-0.09528134669869195,0.041010617999654456,0.0078803000800175,-0.010200910003652537,0.025696191230389773
v2_compartments,none,top10,concat,ridge,0.6674196759220614,0.22373593569776218,0.6673593350383632,0.7090197137456117,0.9941190787729014,0.6442885662251454,0.6589041961448272,0.030542736597446114,0.5735809608692973,0.7524237735018703,0.19545308759984614,0.25579661389620556,-0.028628303094551444,-0.07360462654887084,0.01675803745796514,0.009037046919515391,-0.0030549290630534948,0.0225306237441301
legacy,none,l1,concat,ridge,0.6672505906964656,0.23349902276643644,0.6671994884910486,0.6932217121253038,0.9905941873691941,0.4539120737136764,0.6579882261740426,0.01860469525379998,0.5793369520341932,0.7452340427197852,0.20054083929283173,0.27025391531124865,-0.028824504756240512,-0.10071375661416546,0.03860298296342575,0.018780250324628673,-0.004716568817672618,0.045072961782614204
v2_compartments,icc,l1,concat,ridge,0.6665074083836927,0.23222124414792597,0.666480179028133,0.704091277342695,1.00243963107395,0.47875297180969456,0.6531693957195401,0.013720872070527707,0.571106439824881,0.756075678374615,0.19685832219421723,0.2708508195237668,-0.02883574546375125,-0.08864392763423404,0.029040908134925093,0.017509916543270526,-0.0028805355507722135,0.04070958122226237
v2_compartments,icc,pca10,concat,ridge,0.6664692185788097,0.2228587505929579,0.6664002557544757,0.7063192006481233,1.002330926212732,0.7256929411085506,0.6556220216750617,0.025428164235154684,0.5762613701433735,0.7492787313336612,0.19529725991098837,0.2520956194390149,-0.029872975757199615,-0.09691851477393058,0.03786786914917913,0.008403668838201952,-0.009555964849538311,0.026469562375359787
v2_compartments,icc,decor20,concat,ridge,0.6653236489292103,0.22666879801194578,0.6652813299232737,0.7077369700243047,0.9979104387723073,0.6123735311434596,0.6512575303921475,0.02506311838288062,0.5725275720520692,0.7535764411072984,0.19632039030195933,0.26141845433606997,-0.030123948153799828,-0.08407736295074247,0.02201219641092535,0.01199868740844406,-0.0032677674606470183,0.02951291827288565
v2_compartments,icc,top30,concat,ridge,0.6628604381820711,0.2267518290690042,0.6628037084398977,0.705374021064002,0.991283440036289,0.6321894231565266,0.6472662492008097,0.021734581607638966,0.5682896646260687,0.7514153090895538,0.1974058539407209,0.2605732466441487,-0.03307670989951394,-0.09275607536151498,0.02557687710726314,0.01204425395311352,-0.0037570604632585236,0.029646416315225778
v2_compartments,none,l1,concat,ridge,0.6593988511057807,0.23794453873144178,0.6593670076726343,0.6979476100459088,1.00374989831676,0.427270621345269,0.6426898763138544,0.021351011358435038,0.5620965304540821,0.745095582653901,0.2018274431850432,0.27742277731547954,-0.036038069805116875,-0.09894587639204895,0.02260962680271043,0.023169184786711393,0.0016023944263323802,0.047526570836318525
v2_compartments,none,decor20,concat,ridge,0.658860956907486,0.22871673663258443,0.6588075447570333,0.702133405347016,0.9991605359325367,0.5780148046919216,0.6479380341788608,0.022710740652632188,0.5657451022378894,0.7463569179122843,0.19988653549336655,0.2621543414450199,-0.03670916528037639,-0.09115425856331932,0.014613551390383648,0.014016921040450978,-0.0008486256820526282,0.030465850968296182
v2_compartments,none,top30,concat,ridge,0.6573382094868531,0.2298921043264021,0.6572890025575447,0.7001080205238994,0.9862580064339844,0.5748806664716116,0.643055012464325,0.022546432772110398,0.5612032476929856,0.7451001515465986,0.19911504615660788,0.2636643636806498,-0.03893246986277711,-0.09715849073230255,0.01966851398589034,0.015202450745972334,-0.0006867783139577586,0.033059296102089304
v2_all4,icc,top10,concat,ridge,0.6548238415278212,0.22959547001071587,0.6548113810741688,0.697407507426411,0.9938595211537472,0.5700073051233318,0.6420468320739305,0.03178087178455455,0.5642472974337684,0.7372209640692688,0.20157473895122394,0.2623705882949279,-0.04041335574035039,-0.08599138893206149,0.004117373348192182,0.01488311685974422,0.0028054725617692416,0.027846749012767062
v2_all4,none,top10,concat,ridge,0.6545138516226545,0.23019855933964475,0.6544916879795396,0.6971374561166621,0.9911556984213816,0.5607372571420263,0.6409646254688637,0.03069907381869354,0.5645739351668765,0.7367097252880558,0.2022390285213577,0.26275306628423867,-0.04083999799902319,-0.08539461106679529,0.002001733601945689,0.015506384906979654,0.003789117456425531,0.028397033888851106
v2_all4,icc,decor20,concat,ridge,0.6541946715267202,0.23149391739935624,0.6541719948849104,0.6972724817715366,0.9974404077255907,0.5508771101216055,0.6432105579763814,0.026158631837272937,0.5656243845207272,0.7372837980960802,0.20166899281437822,0.265098064172501,-0.041853601253226326,-0.0950319566632859,0.011925253038745157,0.016973024374150814,0.0010465411848520321,0.03389690751803838
v2_all4,none,decor20,concat,ridge,0.653878670627064,0.2320753675815807,0.6538523017902813,0.6957871995679179,0.994564577212941,0.5386497056168668,0.6433050460303926,0.018334141070150915,0.5634491010803699,0.7339804842624361,0.2025732904486007,0.2652943950149577,-0.04220816935020763,-0.09745670796279732,0.011201752071028645,0.017585530717816485,0.0016989067603530238,0.035081169082629135
v2_all4,icc,top30,concat,ridge,0.6436814705068553,0.23268290585810686,0.6437020460358056,0.6865379422090196,0.9968422151629078,0.5597492288222378,0.6322627204213689,0.02566558458067986,0.553320871187766,0.7276020475613726,0.20454972605678975,0.264124700875744,-0.052100988623550545,-0.10808868694608909,0.0016793911416197558,0.018026638526954766,0.0027355511703730465,0.03429470039190619
v2_all4,none,top30,concat,ridge,0.641202346501074,0.2349106309545698,0.6412244245524298,0.6845125573859033,0.9867651852483229,0.522843070656178,0.6291046843047822,0.025392180633873676,0.5499296231310445,0.7250249534121557,0.2056443042603774,0.26807717143591914,-0.0545792745950669,-0.1113367253554597,-0.0007580133097184876,0.020227795797445665,0.004387221567011742,0.03692226754188563
